{"cameraMode":{"drawMode":0,"name":"Shaded","section":"Shading Mode"},"sceneLighting":false,"audioPlay":false,"sceneViewState":{"m_AlwaysRefresh":false,"showFog":false,"showSkybox":false,"showFlares":false,"showImageEffects":false,"showParticleSystems":false,"showVisualEffectGraphs":true,"m_FxEnabled":true},"in2DMode":false,"pivot":{"x":0.0002803313545882702,"y":0.12336606532335282,"z":0.17421673238277436},"rotation":{"x":-0.007760310545563698,"y":-0.9809302687644959,"z":0.040044140070676807,"w":-0.19007885456085206},"size":1.1257364749908448,"orthographic":false}